"affId","name"
"4325ecac-8c8b-4265-877a-98e549725ae5","Department of Criminology, University of South Florida, St. Petersburg, FL, USA."
"6a463f4b-5745-44a4-96ee-5e701862dbfe","Electronics and Communication Sciences Unit, Indian Statistical Institute, Kolkata, India"
"74bd17f7-9c32-4501-b725-d1471b8db099","KAUST"
"b75b5c67-18f7-4d5c-ba34-831e242cd286","FIET SMIEEE"
"51b42542-e4f8-437b-bb1a-bc7aa33f03fe","Computer Engineering Department, School of Engineering, Persian Gulf University, Bushehr, Iran."
"c607bbb8-77a8-4aa9-a8ea-36739d825eec","Qatar Computing Research Institute"
"185750c6-eebe-4471-8e32-3f23610d7598","Zortify S.A."
"120f7d1f-d14a-4e78-8b16-d7a5a2eb5d1f","University of Tehran, National University of Singapore"
"93d5ea37-a3ce-4b5a-babd-14190c5335c3","College of Education, Mustansiriyah University,Computer science dept.,Baghdad,Iraq"
"ac91c8c1-c383-4423-a7fe-b59f1a593875","IT University of Copenhagen"
"9155983f-a484-4290-8245-5c7ac40a3209","Taipei medical university"
"5763f9bf-8eda-4ab4-823e-c6618487e78f","Hussaini Adamu Federal Polytechnic"
"212802bf-0e0d-4320-a492-145b168788f2","school of medicine, Islamic Azad University, Mashhad, Iran"
"5f165f5b-6c96-4ea0-9cfa-b4771a0d5e37","Google Research"
"f96acf4f-8242-4833-9670-0ecb131bb374","Aalto University, The University of Manchester"
"59e32588-9444-4bb7-b7bf-884120032e7d","South China University of Technology"
"d2c97d47-7134-40e4-8d48-8e77256572e5","Indonesia International Institute for Life Sciences"
"245add91-a784-4139-8010-7142ed9e7fe5","Department of Electronics and Instrumentation Engineering, National Institute of Science and Technology, Berhampur, Odisha-761008"
"33e16d22-1855-4e68-bc61-4d155dfdfbaf","The U.S. Air Force Institute of Technology"
"1531230a-fa3d-460a-92f8-f26393c1d09b","Institute of Mathematics and Image Computing, University of Lübeck, Germany (until 2019)"
"1a990c55-9efe-4ce6-84dd-c489d2afb60c","Department of Nephrology, University Medical Center Groningen, University of Groningen, 9700 RB Groningen, The Netherlands."
"1d93a134-e01f-4511-bd4d-2540113de649","University of Cambridge"
"b3c25230-0786-4fd0-b8a4-4e2b0959a042","Hong Kong University of Science and Technology"
"7d34f466-132e-4ce6-b4bf-652e88a9766a","TU Wien"
"99af0308-86a8-4a72-9532-4cf0c48b6547","HerpeZ"
"0aeb1637-e9b7-465f-8541-39d39391e2c8","Hamburg University of Technology"
"47a2a085-67eb-46b7-8399-c022e48cd31e","Julius-Maximilians-University Würzburg"
"9aa128a6-f850-461a-9b2d-7ee30f5ed397","Institute of Information Engineering, Chinese Academy of Science"
"793f4d3d-7d2a-4214-92c7-19717a7fbc48","Dongguk University, Seoul, Korea"
"d7a16c69-9d12-4c0c-846d-78415d370546","Edith Cowan University"
"08099cdb-5c82-4ba0-8d69-684829d06a86","AMC Engineering College"
"4b3191bc-7ab2-425f-b73f-2c63046f8d99","Worcester Polytechnic Institute"
"771fb7c7-e6ee-4a9a-b363-224f7e87d154","Birla Institute of Technology and Science-Pilani, Microsoft"
"2b90005b-a4e1-4655-88a9-6135139b3a2b","Tencent, INC."
"88755024-cf33-430f-857e-b512a38632d4","Old Dominion University"
"eae91927-c2eb-4fc9-a62d-771caac9eda5","IFCA (CSIC-UC)"
"1e6d3a3e-730d-4d98-bc1f-f644541f088d","Science for Life Laboratory"
"0c74b352-139d-4a59-9019-11eddb4339ac","Federal University of Santa Catarina"
"c35228ba-2000-4413-89f3-ffc62bc11bab","University of Québec in Chicoutimi"
"6a193827-4f48-474e-b6c6-f6a16adcd6c6","Technical University of Darmstadt"
"30923243-6be7-4680-b6e3-7bce59c25c3b","Organização Pan-Americana da Saúde/Organização Mundial da Saúde, Brasília, Brazil"
"59ef755e-98fe-4aaf-bb60-c0c025c6a4d8","Department of Genetics and Plant Breeding, Bangladesh Agricultural University"
"e572180e-5730-41e2-9a7e-f72bdfcb3dbe","Know-Center"
"ed560a6c-80d4-4e10-a6bf-a3c13d360fe8","Indian Institute of Technology Delhi"
"5d38443a-1e03-4635-8395-fbce2f1508c0","Shenzhen Institute of Artificial Intelligence and Robotics for Society"
"a98f57f1-3d97-4053-bbfe-1b908c48d7c1","Universidade do Vale do Rio dos Sinos"
"7b768dfc-d0eb-40f5-b25c-2a838691cd1f","Princeton University"
"7ffe7150-8af3-4697-85d7-2a74774c8d47","Institute for Applied Sciences and Technology"
"55427e8f-8682-45f3-8b3e-0ceb955a3c37","Utah State University"
"afe6b57e-1e19-4da5-bbc0-082d972100fe","Young Researchers and Elite Club, Yadegar-e-Imam Khomeini(RAH) Shahr-e-Rey Branch, Islamic Azad University, Tehran, Iran."
"a59b5811-48d5-4e82-9ce2-1272039a58b4","Eastern Mediterranean University"
"a822fe98-0a63-4503-a6ed-c3c4091ffa77","University of Mosul/ Iraq"
"136f47a3-88f2-4a58-8b1a-37338fe70e0d","Sohag University"
"f4703b4c-dd69-48b0-8f75-31f57ec17ec6","Amrita Vishwa Vidyapeetham,Department of Computer Science and Engineering,Amritapuri,India"
"b22b35a3-0860-409b-9c76-01caebaf82a1","IEEE Senior Member, University of the Cumberlands"
"247e1794-782e-4cc4-934c-30d07ff6c912","Arizona State University"
"5db4ac6b-eb09-43b5-884d-503fc66c69f6","National Autonomous University of Mexico"
"5de7818b-3d49-486d-a57d-f43b3dd458f8","Toyota ITC, SRI International"
"8b4f62de-8785-4550-bd69-4c9356ec3c3a","Adventist University of Africa, Nairobi, Kenya"
"4c8f6e91-5430-4db2-b915-65fb5afa18fd","Tarbiat Modares University"
"f02b854e-70d9-4c61-9d86-62a73eabb1cd","Institute of Computing Technology, Chinese Academy of Sciences"
"70ea537a-323e-4ce5-b4a4-b214bbfcf4ab","Cinvestav Tamaulipas"
"fbcad807-1e5d-4480-91cd-8ae700b49a20","University of N'Djamena"
"5f1a47f1-8c43-49b4-be3b-15c983c1bc08","Vidyasagar University"
"12254a32-1482-435b-8a47-da4499e8bce5","Children's Hospital of Eastern Ontario Research Institute, Ottawa, Canada"
"9ed92e6c-b021-4051-9de3-c71917549842","Department of Electrical and Computer Engineering, The University of British Columbia"
"530ec954-fb81-488d-81d0-35029a4db76e","University of Mohammed V in Rabat, Faculty of Sciences, Rabat, Morocco"
"3265e07d-07d8-4736-a829-fbee21f42826","Istituto di Analisi dei Sistemi ed Informatica ""Antonio Ruberti"", National Research Council (IASI-CNR)"
"6b3a15fd-5d11-4165-b425-8bc7df041fec","Texas A&M University"
"283c3ff4-f872-482c-99bb-47fd3592cf7e","ISAMM"
"c3e25e7a-7396-43be-90cd-0437836ad070","Department of Computer Science, Stevens Institute of Technology"
"323d4549-049d-47b3-aaf8-66b3abbe654b","WeChat AI - Pattern Recognition Center, Tencent"
"0c7ea27c-e7ab-4cbb-af85-158f20d04ed8","Wayne State University"
"f949e835-4795-4108-a138-b24717aa922d","Kalinga Institute of Industrial Technology (Deemed to be University)"
"14c7e332-d17c-486d-8815-662d7417f1ff","Maulana Azad National Urdu University"
"9faff19a-1b26-4ca2-9401-ae7ceebf92e4","Computer Engineering and Informatics Department, University of Patras"
"3369ee60-011e-4289-a597-8495467129e4","Tikrit University"
"26c8e470-8288-4e38-a354-e0ba6717443e","Tsinghua University"
"1d9323ef-e685-454c-a2c5-8c7a734c494c","Telecom Paris"
"f3641210-658f-44ad-8c45-a8743cf877ba","Institute of Communication and Computer Systems"
"95229925-9bd1-4570-9ddd-0b558cd4d5d1","University of Alberta"
"97a2a5be-fee8-4615-a63f-0a394ea84a35","Wageningen University & Research"
"f77207e6-9e59-4d9c-9b41-1900ce7def39","Max Planck Institute for the Science of Human History"
"3d183a93-c50f-4a73-8680-d34b4cc32335","University of Augsburg"
"8875d788-c321-4c12-bd87-e1121ce335de","Rochester Institute of Technology"
"790bf186-d29d-493f-9d16-abfa2d605a8e","United Nations University-CRIS Belgium"
"586260cb-567b-4312-9e5d-4cd6546539be","Department of Computer Science, Friedrich-Alexander University Erlangen-Nürnberg (FAU), Germany"
"068f937e-b2df-43f5-822e-bc4835596f5b","K. N. Toosi University of Technology"
"2e158143-7582-4560-9ac9-bf085c18abdc","Beijing Jiaotong University"
"926c316d-1942-4fae-bc36-290189ab24d8","JECRC UNIVERSITY JAIPUR"
"85cddba6-875b-41c4-a39d-2bc89b9382ea","Linfen meteorological bureau, Shanxi Prov,Linfen,China"
"a57766a0-bcfc-40f3-932b-386707b4ae16","Massachusetts Institute of Technology"
"50ff9cc7-91a5-4c40-9ca8-f42f84132ede","University of Texas at Dallas"
"3150bf17-8113-40ac-a66e-391bce8776a5","South China Normal University"
"7c98ce75-dfeb-43c5-a9c7-afd48647e799","Shanghai Jiao Tong University"
"ed4b15de-583e-41a2-8b0e-db7bae6fc021","Peking University HSBC Business School"
"d5b58ed5-c9a4-4f86-9fb8-aaed42b10ba9","Nanjing University"
"ef778ee9-c83f-4f0c-a293-68c495e2e98b","ATHENA Research Center"
"fefe81f7-3f9d-475e-ac75-2f7fa65c6d53","Smt Radhabai Sarda College Anjangaon Surji"
"3f0c0b3d-a257-49ca-a773-9525db3bb985","TIANJIN UNIVERSITY；Inner Mongolia University of Science and Technology"
"df6dea34-3502-4f1e-be33-dff5f33c7c1d","Hallym University, South Korea"
"302a9f0f-b1b2-4da6-9ef0-19a33dc164df","University of California, Berkeley"
"d8510428-4d68-4079-b938-af7e9eaa7eb3","Masaryk University"
"10143505-a7d1-45cd-b71a-b4e5ff80a3ff","Staffordshire University"
"98de729d-1707-4971-a529-3c569b63c39c","TU Darmstadt"
"a7d527a0-d2d2-49a5-8e14-573d7707551d","Ulster University"
"ffdd76e3-3d6d-4eeb-9a11-69cd5ddf0dc2","University of Guelph, Canada"
"5f859068-34cf-448c-9a4a-6db155d8be6b","Stevens Institute of Technology, Syracuse University"
"606f0bae-b752-4b22-84c7-db0c890120e2","Technische Universität Dresden"
"39fd8f46-8888-40ac-8642-191266a9962b","University of Ottawa"
"3fbc08d3-4466-4ab9-9364-379a48933a52","CSIC"
"30edc46c-5677-4707-8e8e-c909f4b6437d","University of Antwerp"
"49eb4f7c-53f1-462e-b455-f1cd2bf86f26","Om Parkash Eye Institute, Amritsar, Punjab, India"
"49b4659c-d481-48c9-a4f0-c846adf2c7d4","University Politehnica of Bucharest, Romania"
"7a15e8ff-2409-465c-a25a-14f515f3d95d","Argonne National Laboratory"
"6d466739-634f-4454-9e0c-3adb67c0aad6","University of Cincinnati"
"20e2a642-ea36-4788-a2db-8908f903e7da","Noroff University College, Norway"
"20ce4933-aece-4328-9fe5-0ce6e28eb15c","University of Illinois Urbana-Champaign"
"8e68f5ff-c732-41be-95f0-bdf2204d8451","Joint Research Unit “Infection and Public Health” FISABIO-University of Valencia, Institute for Integrative Systems Biology (I2SysBio), Valencia, Spain"
"3b705292-6b01-4f4a-802e-22c2948125dc","Nordita"
"01558d71-4e99-4e54-a9cb-f6e50dde5113","University of Uyo, Uyo, Akwa Ibom State, Nigeria"
"6af06d1f-bb0f-4bda-863d-c4e6f329b7f0","University of Maryland"
"3ad4e156-d95e-4dc1-b6e3-f4b67be0a35b","HCMC University of Technology, Vietnam"
"d7b9d28d-b8f3-407e-b9ef-9002234f8a56","Brandeis University"
"75d6efe0-bbc3-4053-be30-0eb1188cad5a","Collaborative Innovation Center of Geospatial Technology"
"9cec03a0-bf36-421a-bd77-30bec2dc8149","Indian Institute of Technology Mandi (IIT Mandi)"
"6692c4d7-1f7a-460f-b1a9-9ee32cc70669","National University of Defense Technology"
"3755b226-f389-41c2-a2ac-cb133f7342f4","TU Eindhoven"
"b23692b6-9295-44b7-9f91-6d80820e97c0","INSERM"
"a4165f50-7e50-444f-af39-127f9af06e0f","Nanjing University of Science and Technology"
"c4cef41d-3487-434e-8e6e-9b219af83642","Southwest Jiaotong University, China"
"09ac4114-1f00-4334-b562-384f5c5addb4","Friedrich-Alexander-Universität Erlangen-Nürnberg"
"82c0d7ac-2f88-42d1-8ded-b94b6018f6d6","Fudan University"
"d02d9f11-636b-4132-91b3-24d30d7c86a5","Dept. of Informatics, Systems and Communication, University of Milan – Bicocca"
"589e7bc3-e3b5-4a74-94aa-80820a869f2c","Graduate School of Arts and Sciences, T. H. Chan School of Public Health, Harvard University"
"dabd2239-feb7-45f1-9253-638419fe5164","Rey Juan Carlos University"
"97e13218-4a0f-43ca-b341-5bb490d7968a","Google"
"8dd299a0-f4a1-46f8-9456-5a07f55e9d00","Nankai University"
"0205dc3f-d865-4f7a-bfbc-33f46dd315be","Boston Children's Hospital"
"c68f0d09-1e9f-45f8-ab26-f0e12fc8b9c6","Cardiff University"
"da4caae7-da45-4b3e-b391-8a000a93f585","RMIT University"
"b5312881-061a-47b9-bf22-564a9a3e567e","Institute of Software, Chinese Academy of Sciences"
"8011a3b9-3e2c-48fc-adfa-2ea78dddc299","Gautam Buddha University"
"3ceccd0d-ffd9-4b22-a67e-8ec0f5f7316c","Delhi Technological University"
"6738f5fc-01a8-481c-9846-cabb18827f76","Ghent University"
"d63f69c8-3978-4461-9cd1-599578cd3309","Zhejiang University"
"191025f2-7277-4461-841e-127cadb802ea","UNC (in the past)"
"66238b07-129a-45ff-be64-26039425fb25","University of Southampton"
"12c24350-9ec2-4a28-80f6-70211bccc657","University of M'Sila"
"0d8d6c93-7414-4944-9bf8-1eed530ee7c8","Ontario Institute for Cancer Research"
"7d3101d4-9ec9-467e-bd76-35c1936ac27d","Arya College of Engineering and Information Technology, Jaipur"
"d330c709-1c53-4fcd-87bc-c6ba38c54ecf","Ca' Foscari University of Venice"
"28baeae9-aa87-41b7-93cb-c99ed19c61bc","Philips Research"
"44b9c70c-ceff-40d3-a657-409d41c6a085","University of Pretoria"
"087281ba-9a16-45f4-9257-18f8da7808d2","Harrisburg University Of Science And Technology"
"e0fb2978-5acb-4913-a2ba-b55b70f34314","Grupo de Microbiología Integrativa, Facultad de Ciencias, Universidad de Chile"
"4710d025-184e-43fc-ad74-f54fad178f31","Public Health Sciences Division, Fred Hutchinson Cancer Research Center, Seattle, Washington, USA."
"01e0ad82-bee0-49ad-b059-ece5b38e6da2","Medical Academy"
"c9809bb4-15d2-4a0e-8bbc-828a97d396ce","B M S Institute of Technology and Management"
"9b2dd56c-ebab-4379-8bdc-2a9011968923","National Cancer Center Japan"
"77f241b0-701f-467a-b99a-9d58e04ae146","Sikkim Manipal University"
"729ea51f-3702-4c1c-ab64-ed5b05ea4b02","TU Kaiserslautern"
"728bfcf4-1f87-4cd2-a08d-7f35d3d0dca0","University of Adelaide"
"3add6e5a-c5bd-474d-942a-19cc069dba31","University of Houston"
"bd003424-128d-4af6-8299-3ff71f3b2cc2","Shenzhen University, China"
"e1680c8d-ca7e-435f-92bf-f1139d6d196c","cmu.edu"
"661b3ec7-8b80-4997-9cef-7b667d1312f8","Chalmers University of Technology"
"44d42342-8f93-445b-8b7d-d3251fab4aff","INESC-ID"
"d76b5691-63ea-4646-816f-e0ac5a838cdf","University of Chicago, Vector Institute, University of Toronto, CISPA"
"057a06b0-94f1-4a52-885e-eefd5a57223e","Iowa State University"
"680e2bd3-88a0-4426-9c8a-6dcc4ac76dc1","Rutgers University"
"c8494888-50e5-45d1-a771-bdaeb13121b1","Colorado State University"
"6459a30c-5c7c-4d49-a96b-74e429826296","VinUni-Illinois Smart Health Center, VinUniversity"
"9a5f40f9-b23a-4427-b1c3-6a7d7b2cad96","Visvesvaraya National Institute of Technology, Nagpur, India"
"1dbf0bb5-c2d2-459c-81fc-a2cf2cfa9846","Bielefeld University"
"39ff9e09-9a12-4b77-ba08-2610aac955cd","Tehran"
"5c739797-5424-45b2-b497-f2637b65a232","Freie Universität Berlin"
"1c8a26ec-e04c-4700-99da-8d6d8e9c15e2","University of Leeds"
"6805216b-6c68-48df-bf7e-58d0269998a9","National Technical University of Athens"
"a17958c2-3174-4f5a-9b37-51ef58ea9d4e","2Changping Agricultural Technology Service CenterBeijing, China"
"110b6532-b7ee-4c35-b95b-f20f97623bbf","Indian Institute of Technology Patna"
"dd79d8ca-41d8-4d5b-9833-e85f5a03fca0","Hokkaido University"
"a9ce4a7a-c682-4777-8f8b-f511a4bbee45","Jamia Millia Islamia"
"3aa663c6-9d28-4c36-991f-a6064ac3d52e","Harbin institute of technology"
"b453a313-32bb-49a1-9365-9825cf48eb71","King Abdulaziz University"
"65c894e1-e098-4e55-a180-010b08808991","Huazhong University of Science & Technology"
"9db784a2-039c-4618-93fd-4d2a246e98e3","UT Dallas"
"b158bce1-0398-4906-adbd-221dc1426bdd","University of Windsor"
"af06c120-be05-4c54-af65-8ad6fa83db17","University of Surrey"
"5fc9b591-b2de-44ef-9d20-b61ff6dd26b1","Indian Statistical Institute"
"53f342d0-f5bc-428d-b522-3ca3849e7a11","Harvard T.H. Chan School of Public Health"
"670d082b-53a3-45f5-834b-c4779e900b25","USDA ARS Southeast Dale Bumpers National Rice Research Center"
"26b8898e-9797-4ed3-8715-02c064dd5910","Universidad de Burgos"
"9a08f72a-df81-497a-b807-4cddb0190675","Faculty of Medicine, Tel Aviv University"
"52099ba3-0ec2-4109-83c4-3482f1ccd4d2","Hitachi.ltd"
"dec6a8c3-2b51-41af-82ee-eb6d8fa2bf5d","Swinburne University of Technology"
"26beb9e1-a792-40d7-9f06-76cc557bead6","Université du Québec à Montréal"
"affb6b25-01c8-4f78-b7ac-217180d709d9","Broad Institute"
"4ded6531-5a32-4bc4-b3c1-b089cb3e495e","Balaji Institute of Technology and Science"
"da42a05f-d14b-4f56-9d94-a56ae283100d","Umiversidade Federal do Paraná"
"d1a6564c-779f-4a59-91d5-76aad07ba576","Free University of Bozen-Bolzano"
"a196c591-27d5-41a3-babb-7a1a9a3b1270","Goa College of Engineering,Computer Engineering Department,Farmagudi,Ponda-Goa"
"fc296e22-956a-417b-baf2-54427fe732d4","University of Maryland, Baltimore County"
"42161c3f-ef03-4fb8-a1d6-ebf110e4f66e","Guven Hospital, department of Internal Medicine, Endorcrinology and Metabolism"
"e97239e3-1e5b-47a2-8a39-98d965bb13ae","Queensland University of Technology"
"413c23ab-c328-4c1b-99ae-1c1cc002e5ed","University of Toronto, Vector Institute"
"d5844014-16b4-44e0-803d-da34beb7d605","Sapienza University of Rome"
"3a73623b-d25e-473a-8929-ef9e21715c94","Pukyong National University"
"9a7906b8-3168-451a-abe4-3a4f3e317b70","Addis Ababa Science and Technology University"
"a8e1710f-3c62-4172-8bf0-6e10d9387a10","Peraton"
"e80e8e30-52bf-4fa5-92d8-76fe6a80dc0d","National Institutes of Health, Tsinghua University, University of Pittsburgh"
"7d805005-b357-4842-93fd-8457eb0ef987","ICI Bucuresti"
"e994ba55-4b6e-401a-86de-bb8175868255","Technische Universität Darmstadt"
"de760d6d-00fe-462f-92d7-3746c8b6b420","Government Degree College,  Kamalpur"
"4be5c23b-3c89-4f60-afa9-2b219189ee04","Ixa"
"1856c311-28e8-44ea-9d6f-3742eac84c15","Central South University"
"42e1926f-8195-453b-8c78-ee48f91b05fd","Horizon Robotics"
"90e7686d-ed41-4a94-bb71-8ab608396917","sinc(i), Research Institute for Signals, Systems and Computational Intelligence, CONICET/UNL"
"5bde9e05-3939-46ae-80f8-1361520a7eb9","Linnaeus University"
"195eeb98-97e6-4350-aff6-b60017c01d97","Cinvestav GDL"
"0ca5b956-c95e-4db1-bc53-8088393b1684","University of Electronic Science and Technology of China"
"55a93743-cdbe-4016-8dfd-79f555638e54","Department of Pharmacological Sciences"
"7439aa1a-5730-4bd6-a80f-557401fcc6ab","Universidade de Brasilia"
"48e61dd1-39e6-41fc-8bb1-5ca31267e0c3","University of São Paulo"
"5cc9e5d6-ad01-45d0-9900-5518dc8f0b7e","Georgia Institute of Technology"
"23303b22-21b2-43d4-90af-c979da616f68","University of Johannesburg"
"aaa44654-229e-4c52-bdf6-e18b280cdcdb","Instituto Superior Técnico, University of Lisbon"
"38d08bf1-1aaa-4ef9-afda-eeedc7ebbbf0","TU Dresden & ScaDS.AI"
"aa3fa9d0-9127-4f36-99b3-985d6da3a74a","University of Michigan"
"ba109bca-c8d4-4555-92a1-defe9eef5ebb","Department of Electrical and Computer Engineering, Isfahan University of Technology, Isfahan, Iran"
"9db3f0aa-c635-48de-8705-9c088273df64","Hefei University of Technology"
"24f92ffe-3d69-4e11-ab20-7edc178fb8b5","Department of Biomedical Engineering, Near East University, Nicosia, Mersin 10, Turkey"
"8d6ac05a-b7d2-494f-9ebf-4091bb130f92","Deakin University"
"7ec25249-dec5-432c-8163-1486ca2b316b","Universidad de Alicante"
"f59126a3-cb7b-44a8-8e78-c5d53030d5ad","University of Southampton, UK"
"4d43eef9-d36a-4ad6-a1f3-56ec682c38fd","University of Southern Denmark"
"7030f08b-3dc4-4fa3-b160-a0fd350e0093","DFKI"
"34f0bb75-afdf-44ef-a5d9-24dfa8cad3cf","University of Miami"
"3d4e5759-c530-402a-81f6-2405c447467f","Department of Computer Science, MGCGV, Chitrakoot, INDIA"
"1aba52e0-b0ba-4812-a5bf-01c93feb33f2","Department of Pediatrics"
"fa15d85d-66e6-4801-88fe-de96cb189da5","Beltsville Agricultural Research Center, Agricultural Research Service (USDA), Beltsville, United States"
"dbdafac1-c92e-475d-92d9-11b51206b346","Graduate School of Science and Engineering , University of Toyama 3190 Gofuku , Toyama 930-8555 , Japan."
"d25cf0fb-226b-491e-9571-4be79a01d479","University of the Basque Country UPV/EHU"
"d6db806b-3f66-4980-b682-9dbc2539a0b4","Xishuangbanna Tropical Botanical Garden, Chinese Academy of Sciences"
"cce5c5d7-e87d-4758-9fdd-1d6557857b08","Panjab University, Chandigarh"
"3adcc5ce-8726-4cbb-8064-a3d411b06352","George Mason University"
"99b516c7-a9fa-41f9-b6aa-b300c47996ec","MD Anderson Cancer Center"
"f75399a2-2d81-4a1e-ae4e-fa3b1b47b116","Sber AI Lab"
"92720275-0da8-4baa-841a-2fca8345462e","Hitachi, Ltd."
"0b74473d-e14b-4439-831a-3931b062e816","Ehab A. Albadawy"
"81a943a1-9dd0-4f80-a756-7450ad1d21eb","University of Stuttgart"
"568d2dd1-38a7-4ee0-b604-de420d975ccc","Nanyang Technological University"
"58ec7dbc-9a36-4b9e-ad4a-8664ab366b86","Cornell University"
"0a560b2d-b8fc-42b5-91c6-02ccb836f8c1","University of Sfax"
"fc750ca3-5ab3-4cd8-ba0d-0488877f2bf6","Universitas Sumatera Utara"
"50c18026-1a22-41f4-87ec-5906bc1e749f","Fordham University"
"193e0517-aedb-4bea-86d7-5605218963c0","University of Extremadura"
"7a377938-5776-4e70-9195-a179e0832275","Department of Psychiatry and Human Behavior, University of California Irvine, Irvine, CA, USA."
"a2e26537-4c09-48a5-8528-6d50ac70f23f","Ural Federal University"
"3228bbfa-b1b0-4de7-994c-a9b4489d184a","Queen´s University Belfast"
"b550e41e-e191-4acc-b89e-cda585222bd6","University of Otago"
"96dfe0cf-525c-4815-afc8-1bef29bee30f","CNR"
"2ac8f681-0426-4f17-952b-8277010accf2","RWTH Aachen University"
"eeb19ab7-e182-4bf2-abc7-740d16fb2c00","Human-Centered AI Lab (Holzinger Group), Institute for Medical Informatics/Statistics, Medical University Graz"
"975a9e1c-6907-4a0b-8d01-d4a5ee17718e","University of Texas at San Antonio"
"10fe3768-3f10-41ee-9ae8-ecded24ec484","Brigham young university"
"5f9f17f3-edf6-435c-9d87-acdf4c5c6637","University of California, Davis"
"6cf32517-868d-478b-9da0-d293ced1fd76","University of Málaga"
"169cdbb0-6bbb-4b56-bb22-3c20f35f7046","Cracow University of Technology"
"ade369ef-9ef0-4c0b-89a9-a3e234d4ea3a","pitt.edu"
"8cbdfa9b-6fc5-476c-8b58-383e84d34074","SBA Research"
"60a1e467-1b3d-4e50-ad60-82210c5bb8a0","National Institutes of Health"
"e89976e2-3cec-49fb-b9ec-3457853574c6","Los Alamos National Laboratory"
"ec615508-682c-4d20-b8b6-8d509fc153c9","Anhui University"
"bc0024e0-a19a-4522-9608-351a6460648f","Unit of Advanced Genomics, CINVESTAV."
"0304d75b-b0ae-45ab-9abc-aff72869cec6","Indian Institute of Technology, Kharagpur, India"
"d60c00c6-f471-466d-bb53-fed332341e57","Huawei Noah's Ark Lab"
"87dd6edd-6e98-4b8e-bae6-e83953481bbe","University of Oregon"
"4c000f62-7a38-41b5-81fe-288c27ee8f20","University of California, Riverside"
"bdb6df3b-2a4c-4ea4-8374-754eb5394fc2","University of Kalyani"
"be8eb47f-3452-4bd8-84cb-721c0c000370","Children's National Hospital"
"68a276d9-3c30-4a9d-aed2-d548416c60ec","University of Patras"
"e4a80115-373e-44d5-ab60-6bce169065e8","Dana Farber Cancer Institute, Harvard Medical School"
"3978b6f3-613c-49bd-9479-13d44bf115ef","University of Perugia"
"331eabec-4966-4186-93dd-57db2e23ea4b","School of Computer Science and Engineering, University of New South Wales"
"6b20543f-f138-4e63-87ca-d8943e4250b9","MIT"
"ff433cc1-b5f1-4053-bd1e-6068be333354","GMR Institute of Technology, Rajam, Vizianagaram"
"ad53d626-ab9c-4797-8dec-a7f5dc345d7c","National Institute for Research and Development in Informatics – ICI Bucharest, Romania"
"7ee985bf-afc8-44af-90c6-79bdc41d0c73","UFMG"
"2d77126c-b6b0-4475-a1ce-6a2e7fa28329","Harbin Institute of Technology (Shenzhen)"
"8a7970a6-85da-44f1-a64c-1f3c70831b20","Panjab University"
"9cf37319-0d9e-43db-a2be-fc76c7174b00","Netaji Subhas University of Technology"
"2e526f7e-d051-4db7-ba5a-f83e6820890f","Ragon Institute of MGH, MIT and Harvard"
"65545498-a19a-425d-b485-c73e891ddbef","University of Milano-Bicocca"
"cf43ecee-7e55-498f-8510-03478f779a6b","King Abdullah University of Science and Technology"
"5d9e8f7f-8b9d-46d5-8cd9-51b4bbcf7fcc","JIMS, Kolkata, India"
"5e750e36-b876-4931-9164-a4a98f6604c2","Chittagong University of Engineering & Technology"
"594d0ca8-3306-4254-a5b0-d4edd295efbe","I2SysBio"
"474a8ab0-aa01-4d96-9c52-59ea6fd36640","IFIC"
"8f3baf35-5d4f-4c0a-9573-26be50786c27","Operational Research Center in Healthcare, Near East University: Nicosia, TR"
"8926a8df-0998-4fba-bba5-f62faedc5c68","Northeastern University"
"5f8c657d-ff60-4435-be12-d9000547aacf","University of Hertfordshire"
"e71c20ee-228e-4894-ac21-bf91342464e2","Department of Computer Science, Aalborg University"
"247cbe79-4118-41b4-8035-de7886ff8473","McGill University"
"3703519f-596a-4a8f-a36a-41ada5827fe4","Intel Research"
"222cde2d-a91d-47ae-abab-0c6f93634021","Institut für Theoretische Physik, Georg-August-Universität Göttingen, Germany"
"a86c52f8-4e45-4208-bd1c-5e5806d16ec3","Universität Stuttgart, DE"
"e3556cb9-9ae1-48a2-8716-f42e137b1ceb","University of Portsmouth"
"b371c758-f173-4b56-ac14-eb87b62c1d0a","Chaitanya Bharathi Institute of Technology"
"98e26aed-4571-40e9-a1f6-e2d99956883b","Tsinghua university"
"dffa19ae-4b4d-4c1e-b900-25e077108eaf","king saud university"
"25ca5045-ad65-4d8f-983a-223b426037e5","Renmin University of China；Institute of Information Engineering，Chinese Academy of Sciences；Tianjin University"
"6ba0c8d5-f31f-497b-85ef-767c2b25b90a","University of Bristol"
"15372e81-4ebc-4768-9f5e-137effdc84c6","University of indonesia"
"7875df81-9fdf-45f0-8389-f43d1255ea7a","Nepal"
"382c04d3-0f77-4862-9185-ac2b14b46f36","Luleå University of Technology"
"1e41c46c-8a5d-4698-ba36-02145ab93cd7","Montclair State University"
"bc301e85-f8cd-41f5-8c94-6c1f17975b1d","Emory University"
"a9922c4e-a4c0-40a6-bb2c-b95fcdd774b7","Data61/CSIRO"
"2e6b7064-480a-4c27-b5ad-c2e7e7623180","National Institute of Technology, Tiruchirappalli"
"fcfe6b45-8ecc-436d-8906-2d10857ad2a7","Great Bay University, China"
"3f07931f-a470-4df2-bfcb-1a64f32ce06c","Fondazione Bruno Kessler"
"0427714e-e25f-4e53-9076-433605a91b19","Hanyang University"
"820dc695-dfbb-4c7d-b56c-5ac51ec686fb","Chonnam National University"
"7556f2b0-26d1-454d-a17b-39737b648e06","Munster Technological University"
"e23c8464-ba26-45b8-bb73-d24e2fdd1da5","Heriot-Watt University"
"a9159b1d-0743-4ab7-9672-b8c8500958fe","SUNY Buffalo"
"9d095228-d7bf-47e0-81d4-6bcfab2cc61e","HUST"
"b853b552-ced2-447e-8cb9-581a99435f0f","The Hong Kong University of Science and Technology"
"cb2fd4cf-df6d-4e15-87f4-4be9a1e1c27f","Badji Mokhtar Annaba University"
"c42ff7fb-0263-430f-b974-cf1e1b9d22d7","The Chinese University of Hong Kong, Shenzhen"
"82eec0d9-aa60-4f72-b874-f0b472c98cee","UCSD"
"b049223d-3f7c-496c-8f6f-421834d90fef","NGERE"
"6b65f99b-d157-44f7-a77d-e4280fb12d62","University of Bologna p=8,33,6,5,17,18,34,30,10"
"5b1492f9-0ec1-4bf7-b98d-41920a65f74e","Yonsei University"
"fb732ce4-9b59-4022-b63a-bcd76f09b3e1","Eindhoven University of Technology"
"5ef194b8-a619-4643-a712-53a90889485f","School of Computing, Edinburgh Napier University, United Kingdom."
"b1a0c6b4-216f-446e-ba8c-ce391e3a7739","CSIR-Institute of Genomics and Integrative Biology"
"6d049b00-d2ee-4988-800b-2ba9a99dc29d","Shenyang Institute of Automation, Chinese Academy of Sciences"
"2d52ed4a-3a9c-4520-a7eb-8fff7a63c2d8","University of California, Merced"
"543d2548-80ec-44f5-a843-e666bb5ce387","Universidade de Aveiro"
"a5a49959-7dc6-45dd-8428-e9762704e1f5","Department of Computer Science, King Khalid University"
"0c247919-f7d8-4e46-89e7-afcd69d44cb9","Goethe University Frankfurt"
"ebc16e60-4a66-4266-abd0-975eda9bd2aa","University of Malaya, Malaysia"
"6b6aaa34-04c7-4862-a789-97a5658251b0","The University of Jordan"
"e74c1c21-95a7-47fe-9d3b-1ffed1b7ec24","Moscow Institute of Physics and Technology"
"b3cfbabd-cef3-4a35-8b9f-b837865d10eb","Birla Institute of Technology and Science"
"1e16ee15-c911-46c4-94fb-c2eb06fa12cc","Ben-Gurion University of the Negev"
"515ffac9-2916-4ab6-9930-a12da8b5fd1b","Institute of Automation, Chinese Academy of Sciences"
"1ee64ebd-43fa-49ec-be5a-2af4e3d3dd8b","Celonis"
"475389f2-225f-4050-ad20-1bac783c62f0","Harvard Medical School"
"699d17bf-e8dc-4627-99c1-2e1ec0f95e02","Sun Yat-Sen University"
"567bf018-3123-473c-8788-6be8f0da457d","Patharkandi College"
"687646bb-fbf2-474b-8b6f-8024b35687ab","Athabasca University"
"00f20c15-0a7b-4678-972d-6512b856be24","German Research Center for Artificial Intelligence (DFKI)"
"f3b0c705-ed63-4475-ac47-e9ebad1f30d7","University Politehnica of Bucharest"
"a158a54a-27ac-4174-aed3-64674697ee4d","Stanford University"
"67784428-0f0e-4d8b-9a53-58a7a6cfb1f6","AB-Biotics SA (current)"
"1cf690f2-34ed-4c15-8261-dea85f58c894","Institute of Technology Gopeshwar"
"b9ba3428-2f34-4493-85a4-85b2b594100d","Université de Montréal"
"cc898ff5-570c-46dd-a447-7836846b239e","Oncology Department, Biodonostia Research Institute, San Sebastian, Spain."
"0e2c7853-c4a4-4323-8931-4562319a9cea","University of California, Los Angeles"
"e38620f4-dc71-407e-abb5-273fef4cfcb6","Professor of Obstetrics and Gynecology, Ain Shams University. Consultant of Obstetrics and Gynecology, Ahmadi Hospital, Kuwait Oil Company (KOC)."
"733657b2-c0dc-4b55-ba7b-939c12c26081","IIIT Hyderabad"
"edef9ba9-eb9a-4438-bac9-9c2ac142d0aa","Tianjin University of Technology"
"15231551-f44f-45b9-bfaa-cf3b96d82c6e","U.S. National Library of Medicine, NIH, 8600 Rockville Pike, Bethesda, MD 20894, USA."
"dd10e0df-3439-4222-94c0-5e5825f8d6e1","University of Manouba"
"91396a87-9a80-4f4d-9b32-6b4d3e0f7325","Godwin High School"
"4ef4d5ce-1ba7-49a0-bc99-27a7b420d8be","LS2N, Nantes University"
"4d2d3db1-86af-4fa1-b816-5cd8821d1ed4","Victoria University"
"c08d75bc-59db-4385-b518-84a4e9850187","Royal Holloway University of London"
"127e8c30-6f47-428c-b47e-eb2df4ec44f3","Universiti Brunei Darussalam"
"38ed0b4c-ad84-4586-ace2-ec0c332aa3f1","Palacky University Olomouc, Faculty of Sciences"
"695b747a-c5ac-44cd-843d-5af3fa7db282","Technical University of Munich"
"54e01360-0132-4c6f-a813-8bc1a11d04ae","Vall d'Hebron Institute of Oncology (VHIO)"
"2a2d1399-c8c1-4e0c-9901-c0ccd3b74d4a","Chukwuemeka Odumegwu Ojukwu University, Uli, Anambra"
"2a282177-dd87-4b6f-a7c5-11b602f7567b","St. Petersburg Federal Research Center of the Russian Academy of Sciences"
"8186f360-5337-42ba-afca-457d98965120","Federal Institute of Paraná"
"743bd95a-5824-4316-bde9-1c6b60302e76","NHCE, Bengaluru"
"c046002b-469a-4bb4-a658-fb8e43c00283","University of Würzburg"
"9b2ae5a6-547e-49c0-91d6-842f35c4c1de","Antiplagiat Company"
"ae989f26-bbec-495a-9b4e-eb6fc72a8bbf","York University"
"b7c24dec-0368-4bb2-a10c-bcbd405e77ef","University of Haifa"
"f68b1caf-3e74-4938-a5a5-58c7f598a894","Vanderbilt University"
"50e39545-c0c1-4e04-bc3a-4ee9217b6f6a","Amazon AWS AI Labs"
"6dd087a3-6654-43f0-a8f9-36f5826e1923","All India Institute of Medical Sciences"
"3922c4ba-3700-446e-a1fe-e18e119ef6dc","International University of Sarajervo"
"bd15cd32-f33b-4a97-8b68-3daad3888e36","1 Department of Public Health and Primary Care, Centre for Biomedical Ethics and Law, University of Leuven, Leuven, Belgium ."
"a09a4964-1c87-4469-aeca-9935cb293321","Carnegie Mellon University"
"6188f249-bb67-43d4-aa6d-daca7e806d78","Sichuan University"
"1c48d096-163f-49ea-8356-7a54d0480a88","European Commission"
"badf36e8-b358-4eb7-a35d-e2816b6727b5","University of Ioannina"
"2125c328-8c25-4744-9336-b96d414731e7","Exertion Games Lab"
"e34a470f-c48e-48e0-be85-8fe7ffdc71ec","Faculty of Electrical and Computer Engineering, Rzeszów University of Technology, Al. Powstańców Warszawy 12, 35-959 Rzeszów, Poland"
"301c80fa-57f3-42da-b226-a2d01c3cc836","University of Mohaghegh Ardabili"
"b4d4521a-8f42-4fc5-a4fa-61f9f9075c8d","Medtronic"
"50636adc-3e0a-4f34-8ef8-4dd6ec89199d","UC San Diego"
"c93f5a74-4860-46ad-916c-e9859adf7e25","University of Western Ontario"
"98ab222f-fb23-48c3-8917-7f925b264b0d","Genc Vocational School, Bingol University, Ankara, Turkey"
"9d926a64-19ef-439e-91eb-2cf76b1cb974","Megagon Labs"
"a903273d-7e4e-4f80-87cc-2e81460f9d18","University of South Florida"
"99fd10fc-5dcd-42bd-955b-793aff636ab8","Harvard TH Chan School of Public Health"
"b236b241-b933-42b1-8948-17d99a33a653","Havard medical school"
"9fb291ad-27ac-4a32-b2e0-82e4c2b263ea","COMSATS Institute of Information Technology, Pakistan"
"9451e2f4-56ce-4dca-8f7c-9dc973639cef","KTH Royal Institute of Technology"
"64471487-8d55-4361-af2a-9c65dcc04eb0","Huazhong University of Science and Technology"
"b97e31f2-5298-4a28-a0f7-c313ecb72a7d","University of California, Santa Cruz"
"7788cf6a-9f7e-4dc9-af5f-aa75653c18c4","Molycop"
"a0b82463-2ba5-4c25-8ce8-e399ecd2d3fd","Jagannath University"
"99e1ae62-edd2-4cba-bcf6-828c0cdda553","The University of Texas at Austin"
"bac4642e-12b1-41ea-b0a2-6177ab797d0c","Bayview Asset Management, LLC Florida, USA"
"f2590978-36b4-4e89-9b62-3f2cc10f4079","Faculty of Engineering of the University of Porto"
"cc9069af-8d46-4d15-91ff-39139a5d9407","Universitat Politècnica de Catalunya"
"31daf9ee-8a4f-4222-8115-870b4e183799","Wroclaw University of Science and Technology"
"63a03cfe-7baf-41dd-bd14-0aba5c3940dd","Institute for Infocomm research"
"dd28dae1-a03c-446d-becb-8bacb91b9cf5","National Center for Biotechnology Information (NCBI)"
"71a08e03-22ec-48a5-a32a-827db319c488","University of California - Irvine"
"5c552387-369e-4bc7-9ac4-636422644a92","The Hong Kong University of Science and Technology p=1,9,6,8,4"
"ce137b53-c9e9-446c-a6d8-03eabee31a46","Wuhan University of Technology"
"1acdb685-4093-4385-8efd-9ffdca3a79c2","Elm Company"
"fe1e9f72-08fd-434d-9cdc-37778d587b68","Weill Cornell Medicine"
"0f52d434-1bfe-4224-ad66-ccec214549f5","Tecnologico de Monterrey"
"3a6abb08-e50b-44d2-b063-071d64b5c9a0","Computer Science Department, University of Crete"
"aa193775-b806-47ac-a214-cf6045d6c4bd","Faculty of Computer Science and Engineering, Saints Cyril and Methodius University, Skopje, North Macedonia."
"ceb20a94-1834-4ca4-8602-f08847533d97","sjtu.edu.com"
"1310bd8b-249a-463d-856c-9f310eaa5cd2","Alibaba DAMO Academy, Tsinghua University"
"17671a00-bb4c-4370-b9e9-c9a28ff2bafe","University of Verona, Department of Mdicine"
"9fa1c680-0a40-42dd-be60-dc85c8623e50","University of Glasgow"
"7d537b7f-0032-4dad-a880-fffa81beb4b6","Beihang University,"
"486254ae-e25e-4e3b-9c41-b677e9ff2ab8","MIT CSAIL"
"93913b40-7002-418e-9b6b-4b2f29af81e8","Lebanese University"
"c75f83b4-c6a7-4fb5-aed0-c1f97ad855fa","Silo AI, Finalnd"
"5113e739-f227-4fb4-8534-0d1945f50b47","University of Pittsburgh"
"022fac06-7c49-472f-ae57-5f4eb6267949","University of Lincoln"
"14da795f-a603-4067-a9c9-0c7e2fcac6fd","WHU"
"80f3b013-97b2-4d88-b676-81f7c41ec36b","Clova AI Research, Naver Corp."
"aeec7a55-f44c-4cae-a32a-4c8cc87455a6","Indiana University"
"34c81124-9000-44cc-82bf-ed54d224c0df","Luleå University of Technoliogy"
"66f95f76-f911-4315-bfb5-611dd22d1a12","Shenzhen Institute for Advanced Study, University of Electronic Science and Technology of China"
"eb6d23d6-7ba9-4834-b4d7-79d8f2e3c4b7","University of Valencia"
"23282144-cfb8-4786-9598-131a64b711b4","University of Luxembourg"
"50431121-bd03-4bfe-b92e-c667343f161d","University of Nevada-Reno, Dongguk University"
"affe2c56-8382-40ad-bce3-8fba11db7f08","University of Rochester School of Medicine"
"2a22024c-f006-439a-b799-331b89867afd","Wichita State University"
"e1109caf-2a04-4ba0-b863-5f5d99ce72ac","Stockholm Bioinformatic Center"
"057614c8-e4c3-4b59-958d-daa3d6fdaf27","Siksha 'O' Anusandhan (Deemed to be) University"
"9f5f8bf5-bfcb-484d-9bd4-6b7bc06a4b94","IVORC"
"fa1a092e-3a74-45a5-a349-7e58d59763c8","IBM Research"
"839853b6-a070-47df-8cf2-9539dcfc9cad","Columbia University"
"e0f211e7-44c6-4678-a95a-a14a0c7c5dd6","Qatar University"
"e52be8fd-b06e-4279-afc9-925642296276","HiTZ Center - Ixa"
"80b2919a-df57-4f5a-be99-1614630e5916","Western University"
"527f5302-b505-4082-a072-0a4fb9db4445","Beijing University of Posts and Telecommunications"
"2f8c8b1b-f30a-42a9-94f3-8b7f889e3836","Huazhong Agricultural University"
"e13b6277-70db-46b5-91a0-170a94cdc636","Munich Unversity of Applied Sciences"
"1dfc29e4-fb24-46f5-a5eb-14e79b03e27a","Ahmadu Bello University, Zaria"
"463e2d23-2b92-4da5-81d8-223f501a5190","Renmin University of China"
"617a713e-abff-40cb-90f4-3bf95001cde7","University of Alabama at Birmingham"
"26c504f6-a423-4954-afaf-2d12ed198a88","College of engineering, Anna University,  Guindy, Chennai, Tamilnadu, India"
"601cd61c-ba8b-4680-b339-5535cb70f65e","Tshwane University of Technology"
"a7afcb85-207f-4caa-8e89-4b160a7d4013","Biozentrum, Universität Basel"
"079ba3df-ea05-4b7e-9ee4-943749d6a768","School of Electrical Engineering and Computing, The University of Newcastle, Callaghan, NSW, 2308, Australia"
"3e57c2a8-85f7-49de-879b-e375e85d421b","RWTH Aachen"
"89bd7244-78dd-43a9-808e-429888412557","Emporia State University"
"a3aa58bd-f937-4bb1-87c4-6b39ac10c777","Norwegian University of Science and Technology"
"cbc6a60f-c509-47a3-ade4-9a08be503e1a","Imam Abdulrahman Bin Faisal University"
"9fbe9b6d-7c92-4f21-9746-07f8bb77e441","Xidian University"
"c19b8c8a-0afa-4971-8ef5-59a6243bf525","University of Potsdam"
"fa929cb5-4343-4393-a308-4192a4e1fb80","Oregon State University"
"a861813d-7fb8-454d-86ec-9bcc6f284f55","Sardar Vallabhbhai National Institute of Technology"
"ddac31d4-88ff-41b1-b586-74e563ded058","Politecnico di Milano"
"28870ca2-1847-4bb4-a501-ade647c2c3e8","Jagan Institute of Management Studies,Sector-05, Rohini, New Delhi, India"
"3aff65d9-b867-43c1-a0a6-3d3dcfe323c7","Technical University of Cluj-Napoca, Romania"
"a5284281-0e56-4a35-be62-af0485fe9ef1","Università degli Studi di Milano"
"a7751261-0b69-4bcf-8f6c-2e3cb4172cc6","Dasaratha Deb Memorial College, Khowai"
"798ba534-652c-4bed-a8b3-f808129dfb64","City University of Hong Kong"
"0ff521fd-6acd-40e8-a230-712f30202733","Dept. of Computer Science and Engineering"
"f2d75483-b011-4f22-99cb-3d7ccec5f765","Afe Babalola University, Ado-Ekiti"
"66521739-4e30-4080-8414-a085e72ade0f","Technical University of Denmark"
"0d87460b-9062-4df5-84f3-d4d531c655dd","Center for Ubiquitous Computing, University of Oulu, Oulu, Finland."
"0a3451e3-011f-4245-9e75-de18650e1032","Mahidol University"
"f99ca8df-0616-440d-8f98-7cd1237853bc","Université du Luxembourg"
"cc5578c3-dff4-4261-ba25-4dd83384b20a","Max Planck Institute for Biological Cybernetics"
"cd58b443-fb45-4fe7-bd9b-5200886028b6",","
"6a3af27c-8cc3-4351-876e-a2025698dd0a","The Sainsbury Laboratory"
"5f4b7898-fc6e-4b0f-ac14-0544fba41553","Centre for Research and Technology Hellas"
"53ed1d25-4582-404d-b7f3-1d8eabb576bf","Alibaba DAMO Academy"
"35640527-99cc-4e5e-bbec-ad2a4bd3e704","University of Kentucky"
"ae74ab6a-2a48-42a7-ac90-cc0b2f44b212","NJIT, MUST, and KAU"
"d4e7814e-3cd3-4b55-af1e-f3797a50712f","University of Technology and Applied Sciences, Shinas"
"3b631d5f-e0bb-4102-b3b6-50b79967de4f","Université Côte D'Azur, Inria, I3S, 3IA"
"7b0d620f-6db0-4161-a733-5fb32cf75684","Department of Psychiatry, National Institute of Mental Health and Neurosciences, Bengaluru, India."
"1fc40068-8d95-4260-afbf-8aebc30ca211","College of Computer Science and Software Engineering, Shenzhen University"
"262ccbf0-d284-40c7-b64d-7e9903c5b2e2","Gastroenterology and Hepatology Research Center, Institute of Basic and Clinical Physiology Sciences, Kerman University of Medical Sciences, Kerman, Iran"
"125aeb1e-960b-495c-b1c8-9dcb3c16637c","Kongju National University"
"0898b158-c7ff-4bc6-bd88-44b6f18eac49","University of St.Gallen"
"f1b61552-7426-4f0b-b963-e7702e61de00","University Côte d'Azur, CNRS, Inria"
"5017081b-9e87-490e-87f9-885efc8d603b","University of Southern California"
"a43cafdb-5530-47f2-8bbe-64e3e506ba96","School of Computer Science, WuHan University, Wuhan, Hubei, China"
"1e030be0-fa04-4bed-b3ff-cd29cd867ff8","NCSU"
"ebe24887-c6b2-4941-94c5-0cc8a71d5687","Duke University"
"3ebb6596-2735-4df3-b30f-dcfc283a3300","Johns Hopkins University School of Medicine"
"772dcad0-ec3c-4ae5-8603-ea92d394f6b4","New York University"
"7aaa341d-364c-47f5-9116-6d4b9af8913b","University College Dublin"
"33080e23-0c3f-493b-88d0-d1e04cb51f88","Babes-Bolyai University Cluj-Napoca, Romania"
"607cdb49-2d66-4c32-b2c5-9bbab11d2834","Information Technology University"
"5753531e-8c9d-43de-8bde-d3c92f3bb97e","University of California, Santa Barbara"
"b73a9a3f-1aaf-4305-9944-d76cb28b45bb","Baylor College of Medicine"
"329ba417-d68f-4a84-bed9-515e871d93e5","INP-ENIT, University of Toulouse, Tarbes France"
"7ae820fe-2e24-4a49-bd82-e19a3825b167","IFIS, University of Lübeck"
"646aaaf4-47e4-4a8b-b44f-05dc4dbbc47e","Sana'a Community college"
"d01b670d-9e62-4c4b-9ab1-359224e9e59b","Chulabhorn Research Institute"
"5109fe2f-f666-454d-9769-cd1ae2056936","Independent Researcher"
"91e07688-cb66-45f6-8b2c-f64ff5ac57ed","Albert Einstein College of Medicine"
"537b8487-be7d-418d-ba46-07ba366749c8","Fujitsu"
"6b8a6bf7-5f06-41ed-b50b-483ceae0f526","Social CRM Research Center"
"34f4a585-ef5e-4aec-9a73-7ad236edb5d2","University of Missouri Columbia"
"907c8dc9-6ba9-468b-b7d6-cc8fc96fd33b","University of Nevada, Reno"
"1495b48f-1f46-4bb6-9cfc-819bfa58ab40","Microsoft Research"
"11ca4ff0-3352-4f71-8432-b66e984482c3","Bennett University"
"0354c775-cdba-43dd-876b-eec063cd94a9","EPFL"
"26634325-9721-4187-86fa-4ab1ded4e38b","Clinical Research Development Unit, Afzalipour Hospital, Kerman University of Medical Sciences, Kerman, Iran"
"b937e2a6-6956-427a-96ce-9e774d96854b","CMR institute of Technology"
"f60ec358-1dbe-4253-b3c8-0cb5a3fae586","Google DeepMind"
"3f6173d1-95cc-4632-b6c9-4496122ecc60","University of Illinois at Chicago"
"9fb652e5-2213-4d14-a818-793ce0eb83ae","University of Stavanger"
"3a32ec87-b43e-4f6c-9455-27bab2aa76eb","ENSI"
"61dcb322-6a43-4265-9cb0-f9d60a821312","University of Oulu"
"1fd54f5f-3e1a-45e2-837b-757c5c9d03d6","King Faisal University Saudi Arabia"
"5cabec34-a780-4395-9570-61b6c71f0929","Department of Data Science and Artificial Intelligence, Praxis Business School, Kolkata, INDIA"
"68ab60a5-895e-4206-918f-c0bd8210d966","Amazon"
"4f5b2e29-7bcd-4ddc-a87c-775bbfd1a996","Ton Duc Thang University"
"f90b04bc-a8b4-40ed-a28d-2ddc078b96d4","VIT-AP University"
"9a937004-6086-457f-8e09-610735ce4ad0","Hangzhou Dianzi University"
"b5e10599-15b5-4f90-beeb-b040d3b04cfa","Wageningen Bioveterinary Research, Department of Infection Biology, Wageningen UR, PO Box 65, 8200 AB Lelystad, the Netherlands."
"c32bd4aa-ba36-499f-aee1-fcf1fa58b1d6","Universidad Carlos III de Madrid"
"de10e0e1-7679-48b2-8d31-597403c06855","Max Planck Institute for Intelligent Systems"
"404838c8-f010-49de-87a9-92f4fa8e57a0","University of California - Riverside"
"d411cf77-ba24-472b-9832-486e943c9423","University of Genoa"
"0599ad96-4fb4-45ef-ad32-5f9d5af687ad","Universidade de Brasília"
"a1c7f1d0-b1a7-4d72-b86d-e1c3ad97b5fb","Informatics Department of the Faculty of Sciences - University of Lisbon"
"4cd894e1-80d0-4c39-a391-b3d841134068","Alibaba DAMO Academy;Stanford University"
"7967263c-6aec-4079-83ba-927f7bcc4ec0","Ho Chi Minh City Open University"
"94ef570f-54bd-44d1-b8b7-c846f55d4824","University of Strathclyde"
"a676dc74-d4cb-4c0e-9d21-8a7fe3649ae0","Human Technopole"
"89ccf5aa-d5e5-4224-845b-a4ccb0e5d80f","Graz University of Technology"
"4252e030-b45e-4369-a587-55076ce917de","University of Pernambuco"
"392ac27f-2620-4b07-982f-5315dc4c9613","Univeristy of Illinois Urbana Champaign"
"75b01e39-c9b7-4d8d-a3a1-73cc0d493850","University of Science and Technology of China"
"1f571b43-219e-482f-811e-3890de9c1ccc","Lawrence Berkeley National Laboratory"
"4dd459c1-6aa0-4f15-8021-e735b5653774","Oli Health Magazine Organization (OHMO)"
"60f5e955-831c-49b0-8de7-d7ee966a47ca","Instituto de Telecomunicações"
"33c12de1-ec32-4539-a67f-0637dfc51183","Population Health Research Institute."
"3c4cf2c9-e1ed-4795-a18e-789ba7dad8d4","IEEE"
"d45de426-6605-44dc-9e82-493a4d9d7da2","Duke Kunshan University"
"2682412b-dc02-4d07-ba8b-a2ad2e53a9ac","Islamic university of Madinah"
"a5946370-a54e-493c-a6d6-e9c41b1c664b","SDAS Research Group"
"517990f6-8466-4638-bf8d-c95de5ce7a5f","Molecular Biotechnology & Health Sciences Department, University of Torino, CASSMedChem, via Quarello 15, 10135 Torino, Italy."
"70b71b0d-3dfe-401a-9c85-60c4aecc2713","University of Kansas"
"33acdada-e794-4fa8-8606-d6e6f705f159","School of Cyber Security, University of Chinese Academy of Sciences"
"7458842d-41d8-498c-9c4b-7e6f07266d22","University of Richmond"
"5f4cd3fa-87ae-44bc-bb45-e83f1693b0ec","University College London"
"2d2c5ede-dcc0-4e75-9466-1980c939c1ed","Shandong University"
"54bbaef6-da59-4aa7-8818-1325cbd83ed1","Delft University of Technololgy (retired)"
"59531817-f787-468a-a4b1-866fd063439a","Universita' della Svizzera italiana (USI)"
"64499a85-0a58-43b7-a0db-146a73943c7d","University of technology Sydney"
"6790c075-7a7a-47e7-844b-354a7e196d30","data.world"
"3efcae6c-5322-482d-94c2-9cd64902dec3","Mila - Quebec AI Institute"
"7aca2153-7cde-4895-906a-a57f641b5ba9","SDU University"
"97818303-bce3-434b-9f66-8f7764fdc82f","4Paradigm Inc."
"cb0bf689-b448-4cf9-9365-3998bc72e65d","University of Idaho"
"000ac864-305c-4386-a73a-fe1c91e5f803","Anadolu University, Rutgers University, SIRF TRADE"
"f54b3169-0232-4d44-992c-6302501000ca","Hasso Plattner Institute"
"6a7510f7-9cb7-4341-a90c-7be6f2e4fab6","Rice University"
"5d7f3efe-f999-42fa-9187-d965049adbc0","University of Macau"
"54fc1ec5-1ba5-428f-a920-f370b39ace87","Vanderbilt University School of Medicine"
"541d0cc8-4a72-48d9-af2c-f3b48a03cdb5","Hasso Plattner Insitutute"
"afb687e5-e016-44b9-8b13-7cf442a61cc0","ZHAW"
"23f77037-21e2-4c9b-b979-6479a3e1d5dc","School of Materials Science and Engineering , Georgia Institute of Technology , Atlanta , Georgia 30332-0245 , United States."
"6d889236-69f9-43ea-a6ea-6a0f71b010df","Elm Research and Innovation Division"
"7c4f479c-85e4-43de-8321-d3c62c722866","Sulaimani Veterinary Directorate, Veterinary Quarantine, Bashmakh International Border"
"ee36b7fe-a8e9-4b9e-9275-29815f054da9","University of Arizona"
"2d5cc0f7-5a3e-4fe2-aaf2-50ad45185bc1","The University of Tokyo"
"f56afaf3-c73e-47bc-aaa4-b68cd82a72a3","SRBIAU"
"f27051d5-4630-4938-bfeb-e84d6d2bd8dd","East China Normal University"
"c4f46131-d5d7-47c3-bde9-fda55089dfdf","Monash University"
"8a98f92d-3ea1-4736-a1ef-1b7ce2d0b53c","European Computer-Industry Research Centre in Munich, Germany"
"3af31daf-b78e-4650-a8d7-2a01baef01cf","University of Chinese Academy of Sciences"
"0f38b3bf-5913-4927-8571-e29f89fde89c","Saint-Joseph University of Beirut"
"12a10330-24b8-4578-8b6f-2cfc3fde6e2f","ULB"
"d731c5ab-06e2-45a9-a43c-cd43427fd096","Institute of Molecular Bioimaging and Physiology, Consiglio Nazionale delle Ricerche (IBFM-CNR)"
"9de30637-92d4-42ec-ae1f-363155bc8c62","Virginia Commonwealth University"
"004acfdf-2277-4b02-947f-c875f7049f42","Intelligent Autonomous Systems Group, Technische Universität Darmstadt, Darmstadt, Germany"
"33f4832e-4979-4ac8-b170-40903fbdc893","University of Mauritius"
"2c1fe863-87e5-4b7f-ae94-3db40eee699a","Barcelona Supercomputing Center"
"6da218a9-2c45-4383-bbeb-3a46fc9c364d","National Defence University of Malaysia"
"d519c988-a6c1-48ea-af31-f56efe888c58","Sun Yat-sen University"
"bcfc52fa-e6a2-4c6f-8b44-c2e054c83f5c","Magnum opus international"
"0953e352-096c-4793-8fe1-a54d8fa7d58e","Computers and Automatic Control Dept., Faculty of Engineering, Tanta University, Tanta, Egypt"
"d6300a00-17b0-4e69-9845-7b33b430cc6f","Athens University of Economics and Business"
"f61fc3f1-4839-4012-b61a-734e58c4649e","Institute for Language and Speech Processing, Research Center ""Athena"""
"cec301af-6400-4906-a52e-b1120db1887d","Radboud University Nijmegen"
"4c673cc2-f329-441b-8f3f-18797681643f","East West University"
"bd37c8b3-42be-41bf-83d0-137479519b4e","University of Minho"
"60e16f28-5e92-4a29-8339-ee02896d6b08","Dipartimento Medicina Sperimentale e Clinica - Università degli Studi di Firenze"
"01f78b03-beaf-4b46-bde2-5b01549b2475","LMU Munich"
"63da2f11-a9a2-43d7-b9bc-efe3aecb7fce","Hewlett Packard Enterprise"
"b6778b1a-de54-4610-8932-9669f7a1c19e","University of Rochester"
"ff7fa385-ca51-4a6b-aeb6-31b67a864f4c","UCSF (former, visiting scientist)"
"67507981-eada-4963-808f-00b798fb9f03","Middlesex University"
"e3611dec-f746-4394-8ba8-b610bff6ffa3","Trieste University"
"3aa9bf26-d9ac-4ec8-92af-6f18b3609023","Soochow University"
"5f3c7998-06ec-4adb-855d-f9522a24ac05","Division of Cardiovascular Medicine, Nouvel Hôpital Civil, Strasbourg University Hospital, Strasbourg, France"
"0df0d771-d6cd-44ed-9aea-d597500e98cf","National Research Council of Italy"
"21dff258-542c-4c6d-9cf5-68a73304dd16","university of wollongong"
"69ab742e-0e34-47f7-8db0-d485fc7f0d1e","University of Illinois at Urbana Champaign"
"af69b796-1c75-42d8-b5cb-acbb8cfd2482","Autonomous University of Barcelona (former, PhD)"
"0709c585-3919-4a09-b824-14838a2c5028","Johns Hopkins Hospital"
"1393aef1-1f2e-4c5a-a5c0-6252576a5235","Federal University of Ceará"
"7ce3ca10-c86c-47d4-87fd-f0d9443a031d","University of Rome, Tor Vergata"
"70976d0f-20c4-43dd-bf84-657400c4e284","Guru Nanak Dev University, Amritsar, India"
"11c0e5a4-d2dc-40d0-a43d-71f0f03b0bf3","University of Skövde"
"fa625120-9860-4321-a919-3e741f56b3e5","Yahoo!"
"9d7e9a9e-3555-4b3e-a456-5b357d24946e","Benha University"
"320d7101-246e-4c28-8ad0-b3cdfbdbeab8","Universidad de Alicante (Spain)"
"ebd18b2f-e6b5-4fe8-a46a-0b04756030d1","University of Illinois at Urbana-Champaign"
"cadf4411-dde1-44e4-aa5e-b3a196e023e7","Alibaba"
"34748cfa-06b3-42c7-99d2-29d4231eefe3","IIT Kharagpur, India"
"f18e6c04-45e5-4390-a03b-9ddb01575057","Sydney University"
"165cee92-e25b-441b-ab33-54229596b88b","University College London, Alan Turing Institute, Health Data Research UK"
"5694abb8-20df-4a59-b9c5-0220ef7eb443","University of Melbourne, Australia"
"3836f848-7af6-4972-bdfa-83e8d2bf400c","University of British Columbia"
"5facee4f-c6c2-494e-9213-67e83783daf2","Centro Paula Souza"
"bec38e04-74d1-4778-a872-fd48a0dbde40","Air University, Islamabad"
"8a2610d4-3b95-4a73-97d3-e87bf4be8f6d","Iran"
"7e4f6c0e-ef3e-45ee-b8be-b63db2528a56","Uppsala University"
"e19cbad5-d3c4-495e-a04b-25bce23de16d","Federal University of Bahia | State University of Ceará"
"86b0c114-2402-4f26-bfbe-002421febdd8","Dhulikhel"
"52781f47-97a3-4026-b458-3f97a79d4824","Institute of Biotechnology and Biochemical Engineering, Graz University of Technology, NAWI Graz, Petersgasse 12, 8010, Graz, Austria."
"e3260840-02bf-42bc-a96a-183966cea20c","Vita-Salute San Raffaele University , Milan"
"72285b1a-b770-4c2a-b585-df2cf994ae01","Sungkyunkwan University"
"c6b8c538-01e2-41d5-952f-30cc93e21460","Beijing Institute of Technology"
"0deab9ce-c867-4ccb-bd49-405ca43561fb","University of the Basque Country"
"e9d40773-6f3e-424b-9cf6-015bacaf9d31","National Library of Medicine, National Institutes of Health"
"79d22175-a701-4946-8a4a-fc02e9f28f49","UNWE"
"65475315-bf3d-40d9-a84b-f3f12e8e007d","Zhejiang Normal University"
"862150dd-d35d-435e-8c2a-bcb5ac148576","IMT School for Advanced Studies Lucca"
"033c05a9-6b45-45a5-861a-261a9b8db8d8","Faculty of Medicine, University of Lisbon"
"ea9124c9-9411-449e-a6ac-72d24cf13ce5","Griffith University"
"471baca8-0645-43f5-9dc7-d9e7080e4669","Northwestern University"
"cb371423-e09a-4e84-97d9-f10c28bebf82","University of California Irvine"
"92f401a5-f296-442b-9ed3-ff65066d60ec","Apple"
"1f4c0265-c9eb-44c7-bdca-5eb6053162d8","Daffodil International University"
"06769954-5179-4650-981b-1246963ed817","Haiphong University"
"07998c38-d495-4e98-b29a-84fcea366ec6","Dept. of Chem. Eng., Nat. Tsing Hua Univ., Hsinchu, Taiwan"
"1e4ea463-b5d6-43e3-b682-ef340085ea3b","Johannes Gutenberg University of Mainz"
"7433c225-58ed-4e9b-a2e2-a6e554da3e65","Peking University"
"1c55d5da-4f12-4cf2-b8c9-b96624201761","Utrecht University"
"53d0bd0e-f867-4689-aef9-1b392d3618ae","peking university"
"761c4400-a921-4834-b4ea-ce414153ad47","University of the Cumberlands"
"ec58247e-8fa1-4bb8-95b0-4a9409408168","Johns Hopkins University"
"2d5bb02d-2f86-409e-9534-dd965228c1f0","Hanyang University ERICA"
"dd712bb3-ca04-4742-adb2-262aaff9c882","University of Melbourne"
"ce297b46-5d9a-49da-87dd-8d1b2c809a77","Trinity College Dublin"
"cfad0507-296a-41c0-8cb1-9030ac773abc","Loyola Behavioral Lab"
"e3563d9a-613e-4d4d-8c7e-5cb02ad4bbcf","Boston University"
"e3f71512-a0f0-4dfa-93d6-a041dc54bbd6","Meharry Medical Colege"
"fd88a124-4235-4ee4-91c5-fce808d7b3de","King Khalid University"
"112ed2bb-0c76-48d8-bf77-158914c3c8a7","Stockholm University"
"2f1ff0b9-7e74-4c8a-9ec3-db07ad5ba35f","IEEE Senior member"
"029afdf5-fb8a-466e-b4af-39b03d638dd3","Jadavpur University"
"a0dfc3c9-fe74-42bd-80e5-5a795444e526","Chalmers University of Technology, Gothenburg, Sweden"
"ad6e45ea-cc67-4476-b68e-5f7257f78af9","University of Malaya"
"5f463d72-4881-416a-ad94-8800376299ff","RIADI Laboratory"
"6859be28-ffc8-43fe-b69b-58daa891e189","Universidad Loyola Andalucía"
"7658fdd9-4a2a-4ad4-8fa1-11cf0bf2aacc","Department of Software Engineering, School of Information Engineering, Yancheng Teachers University, Yancheng 224002, Jiangsu, P. R. of China"
"188faa51-7ddf-4c3b-ab47-60b7a2c43137","Ben-Gurion University"
"eaf31a29-8dd9-48bf-a90a-06623d322b81","Princess Margaret Cancer Centre"
"c428fbe5-f774-4174-bc6e-14c2ee68ee85","ETHZ"
"4c537853-4e3c-4b13-b6c8-587745625edf","Princeton University;Optimal Dynamics"
"34cbfd8e-eed1-40f9-a7e3-19844044c3d7","Mutah University"
"c7224876-0144-4437-977f-c999b8097164","University of Limerick"
"293557d5-6674-4289-9893-42f2bd621462","Federal University of Technology Akure"
"c50032e5-47e7-4705-a2ac-a6b9ee11bf37","2 Department of Social and Preventive Medicine, Faculty of Medicine, Julius Centre University of Malaya , Kuala Lumpur, Malaysia ."
"939c6e7c-e672-472b-8b59-3d9f55451e01","National University of Ireland at Maynooth"
"630a71cd-6ee6-4526-b8ec-c1e374360d69","Korea University"
"e0fddd2f-846e-43b8-995d-1ab383d7fe60","Tata Medical Center, Kolkata"
"369102d1-f00d-438f-b2d6-ea291e08e347","UIUC"
"4b65c13d-8d77-46bf-af22-fd975dce432b","University of Cordoba"
"b6117c1e-56db-4b4c-a424-2068773bcc14","University of Chicago"
"f7d1c9ca-0329-41b5-9bb1-9d504da71b67","Tongji University"
"46db9544-1d7f-485e-a3ea-1c9fb375d4fa","OpenStax"
"67e7ef69-2f60-4609-a988-e59eccaab1e9","Department of Physics, Tri-Chandra Multiple Campus, Tribhuvan University, Kathmandu-44600, Nepal"
"c4791938-afac-4fb6-856f-b85a32551982","Maastricht University"
"8e8c477e-40bd-45a9-b5d9-07897a412473","Maomics"
"df21819f-9ecf-44de-87ab-a848fda1c11a","University of Helsinki"
"7f9896db-d1e0-4789-aded-6086ac340049","m Department of Parasitology, Noguchi Memorial Institute for Medical Research , University of Ghana , Accra , Ghana."
"d83a06fb-cc96-4555-a4d1-99b2a288ee3b","Alibaba Group"
"886a6d22-2ae2-4017-9f24-80a5493a08bb","Indian Institute of Science"
"0617bf41-f50b-43f1-ab40-11c3d78c262e","Université de Lorraine"
"7341d41d-e208-4b93-80d7-8ce0ba7051ab","UNIVERSITI TUN HUSSEIN ONN MALAYSIA (UTHM)"
"bed00681-2646-4170-b497-b808e1387842","Stevens Institute of Technology"
"02bd1132-0ee8-4364-8542-d4378ed58436","University of Torino"
"17f1c65b-8d07-4dfd-8e5f-bf9874ab54f0","University of Manchester"
"b55e898e-0a22-4329-a7e6-8654f9e608fc","Nuclear Institute for Agriculture & Biology (NIAB)"
"ebcb56dd-2374-4e27-b400-114846fc9871","University of Nottingham"
"c10d62ee-5eea-4851-96f3-13021b867a80","ICREA Professor"
"f0e0399e-252f-4ea7-bb1f-ca59d3bad739","University of Sydney"
"3e68a5b1-2fba-47fb-8d5d-986e1792a869","University of Missouri-Kansas City"
"84d98f13-e97d-4290-96ca-1e720ba3b6e3","Stony Brook University"
"b906e324-3e63-4998-960f-411f3e66554a","University Malaya"
"7073d58e-a651-499c-a210-86f4c35d0b3d","University of Pennsylvania"
"1c54ade6-c1f1-42bd-84d5-267ca129d4d3","ANZAC Research Institute, University of Sydney"
"42e22b3c-adfd-4ffc-8d02-d3d574aa2d3d","Karolinska Institutet"
"d79ca6a4-84a8-417c-bb4e-7d79ea68f2b4","Virginia Tech"
"d3f6869d-1488-4c80-a02d-46d82fc792d5","University of North Florida"
"40f8a715-9800-495e-bb45-10f81b8be61d","Institute of High Performance Computing"
"ef1e7746-6388-45f2-94a4-b9196b85e693","Disordered Systems Group, Department of Mathematics, King's College London, UK"
"4e8d29b7-929f-4353-b7f4-07a27066ba5f","NYU Grossman School of Medicine"
"75f2b045-9b72-4626-92fa-f490ef3e4d76","Cinvestav"
"5fcaa92d-771f-4578-8804-0ad94cbe0460","SenseTime Research"
"ab37cea9-99ac-4b2c-bb97-27499dfbd202","UCLA"
"a836d5d2-dafd-4622-ba93-3cb695fcc864","University of West Attica"
"030d673b-eb82-4e61-9f02-a13ca2b97bf2","Uniformed Services University of the Health Sciences"
"c047c2eb-1cee-479f-be34-6901dbe0431e","ComEd"
"fb49b58c-e6b8-4403-bcf2-3c9f51d4f301","Lebanese American University"
"aac30363-3d38-44b1-9da6-b4ff63780c26","Potsdam Institute for Climate Impact Research"
"ab914a19-0416-45c8-ad15-0d5b7b3c0c99","Quaid-i-Azam University"
"3688e0d2-f866-445d-8520-7e0ecdbdaf28","Cary Institute of Ecosystem Studies"
"4c37782c-eac0-46c0-be28-af080c7fc7c4","Decision Support Systems Laboratory"
"1e88eb12-40ae-440c-9f3f-aee7fd301783","Vivekananda Global University"
"f028cd12-8daf-427b-ad41-87067bc1bf12","AIM, CEA, CNRS, Université Paris-Saclay, Université de Paris, F-91191 Gif-sur-Yvette, France"
"86b50145-3112-4f24-98a1-cd72fc0f82a7","Dalian University of Technology"
"3034a05c-25d6-43a4-984a-44d21199b62a","Sunway University"
"0de12fb1-53eb-4427-970e-9dca88c0bd5d","KEM Hospital Research Centre, Pune, India, MIT World Peace University, Pune, India"
"df5f40de-b5f4-4939-b8f4-914a1274b6d0","NV Organon"
"7d43c6be-4a7a-4387-947a-a79b9013f454","Seoul National University"
"146e324b-d8e3-43ca-a610-4696a1773125","University of Texas Health Science Center at Houston"
"2a9fc083-fced-4640-974d-90643aac5d6a","Inria"
"31d2cab8-09bc-4859-a793-1e868cdc95a6","University of Applied Sciences and Arts Western Switzerland HES-SO"
"1ed4927b-b23a-4758-9347-12f7d9a767c0","Royal University College of Canada"
"17ae86f6-a0b2-4288-acf1-2ee295cad4a7","Microsoft"
"204000b1-89e0-4ece-bcab-c114ab2b6f88","The Hong Kong University of Science and Technology (Guang Zhou)"
"c8febd6f-4a1b-4b4d-983e-46225a0f13bb","BGI-Shenzhen"
"a7324ff5-f2e5-450f-8ec7-a270a69d4097","UT MD Anderson Cancer Center"
"2e98b1a6-87c1-499d-ac24-f41f81313f9c","University of Fribourg"
"88407262-a384-4251-a312-29b02c13ef75","University College London Hospitals NHS Foundation Trust, London, UK"
"f6f24300-2bc4-40ee-9c5f-b448554110ab","McGill University and Samsung"
"dda5ea45-2cdb-4c8a-9ee9-201fdfcee496","FISABIO"
"a2acff2c-9b69-422e-bd7e-9858d623c953","Microsoft Research Asia"
"f3673396-a074-4b19-b1a9-59996d8b19e1","Politecnico di Torino"
"3b19a4fb-5046-4d8a-add0-ee4a29e33556","Università Roma Tre"
"3db80193-4e72-473f-95c1-99301492c846","IBM Quantum"
"63a23545-2c6d-4fcf-8ead-4997ca3dc850","Ethiopian Artificial Intelligence Institute"
"8e35d156-9cc2-428e-a9bb-1195ddf0f218","National University of Sciences and Technology (NUST), Islamabad, Pakistan"
"b1f33900-2098-483d-9e8d-f8a72c9e01c1","School of Medicine, Tsinghua University, Beijing, China"
"8a4e56f3-71cc-4754-a8f9-6fb707c91d1c","University of Brasilia - UnB,Federal District,Brasilia,Brazil"
"8f0ac395-3aae-480f-b72d-811aa2388ccc","National Engineering School of Tunis, Higher Institute of Computer Science"
"b35513e0-0da9-411f-b684-6101bf9b350d","University of California Riverside"
"e3c06b5e-4cd9-4b60-9ed9-cebb2eee241a","Covenant University"
"001d8053-5e6e-4b19-a807-fece431db115","Kathmandu University"
"12a2aec6-9f05-4433-8a8c-45e2ef0a0572","ICSI"
"3dabad0c-1a87-4c24-8593-af3ebf3e2021","Purdue University"
"1b74dc81-bf42-478a-89b3-cd1cde5ae0a7","IIT Kharagpur"
"9e74e755-a9cb-48ca-a74d-759a3be863bb","Global Health Research and Innovations Canada Inc. (GHRIC)"
"6a2bf580-302e-4d52-a903-42709b93e59e","Birla Institute of Technology"
"bc937541-4718-49fc-9653-86af906f333c","Universidad Politécnica de Madrid"
"2800d4e8-e647-4e50-8df4-10972c09ea62","Chitkara University Punjab India"
"6b3846f2-a255-4004-9f8a-88106cfe7e25","INESC TEC"
"3167d9ab-587f-4a94-84be-c6b2fc8fe9b2","The University of Melbourne"
"1da89a86-a732-40bd-a660-fb72464c221c","The Chinese University of Hong Kong"
"a9f84bcc-d338-4c0e-9603-ed98fd0e4aba","Latvian Institute of Organic Synthesis"
"f47d3256-8f9b-4ad0-885b-cf66a7dcfdad","Procter and Gamble"
"e1ec3556-0a55-43d3-a4a0-62291206c5a1","University of Bamberg"
"ff8484ef-e447-43ac-a333-06a6ebfb770a","International Hellenic University"
"95734fb2-c07c-4a9f-9ce5-73f5241fd362","TU Dortmund University"
"9ee23052-1add-4879-83ea-90778379ceea","Microsoft Research Cambridge"
"1d75fe8a-0f04-44f6-9ebf-1b86d307a1b4","Department of Archives, Library Science and Museology, Ionian University"
"845ef099-c848-4003-85e7-d497436f141b","North Dakota State University"
"142a4420-6a7c-4462-a000-35efd6f4247b","zabol university of medical science"
"a46518c0-9a96-48b2-8d5d-079b56c3f1b2","Fundacao Getulio Vargas"
"7234df5e-f625-465e-90de-86edb26925db","Università degli Studi di Bari"
"fba45b9e-c872-4993-8b53-03cd2e762102","Lübeck University of Applied Sciences"
"0702b38c-d430-48ce-8d68-4f79dc896288","North Carolina State University"
"6a826a1a-4bd7-4dc8-b8ea-33c5f879773a","Narula Institute of Technology"
"daabff4b-b047-4f66-940e-fdaa7358b0ba","Shahid Beheshti University of Medical Sciences"
"e1b3459a-6c6f-42f4-be6f-96e14550a766","Texas State University"
"79259e88-49cb-42dc-9e69-03b8ecdce461","Texas A&M University at Qatar"
"f1da8110-f7a4-4649-871b-e7e1a53df01b","Department of Forest Engineer, Faculty of Technology, University of BrasíliaCampus Universitário Darcy Ribeiro, Brasília-DF, Brazil"
"ece09338-0378-4779-a212-11649e07c2bd","ETH Zürich, kaiko.ai"
"bccd77a8-e7f8-4e9d-9c48-3c0d94dbed78","Universiti Teknologi Malaysia"
"090fa54b-c12b-4849-a086-f4df4c6ddb31","CITIC, University of A Coruña"
"f2c34bf2-38fd-4396-b3fa-e2077a47ab59","Bournemouth University"
"49f49456-7ec1-40ac-ac8f-fb25e928a883","Architect II- Software Testing ,  UST Global Inc"
"515c418c-7d3e-43b4-a74d-234ed8faffa3","Free University Berlin"
"43380d7e-040e-40ae-b867-f4571b7a6427","Institute for Language and Speech Processing"
"e23c189d-c041-4b13-a09e-f3e1b4be1975","Hebrew University of Jerusalem"
"8b02b0d1-ee94-4479-bbc4-e33402180ac4","National and Kapodistrian University of Athens"
"9d1f670f-f3e1-4b48-8ef3-e806fed47c8b","The University of Manchester"
"ac39d0d6-fb3c-4ef8-bab4-f6919f3cdab8","IIIT-Delhi, India"
"82d845c5-a551-40b0-82a8-79ff900026a8","Amazon Alexa AI"
"ddcd3f25-230e-40c2-830a-7acc9d36ae29","University of Technology Sydney"
"c7d28d05-8cba-473b-8559-7423b62b7979","UC Berkeley"
"8a53f868-5bc8-48ab-b505-1a352c3e175c","Macedonian Academy of Sciences and Arts, Skopje, Macedonia"
"094a7155-ac1f-4558-a4e3-cfe7c69fd0db","Dev Sanskriti Vishwavidyalaya"
"d1fc1d63-e060-4433-b419-6a555e033104","Bar Ilan University"
"2174ce52-6e6a-42f7-ae4d-f73aeafacca3","University of Health Sciences"
"c82280c6-7885-4db4-963f-c7276770cd51","Universidade Federal Fluminense"
"1d0ff4d6-065c-4ccd-8055-bd5d39a91d74","University of Melbourne, Victoria"
"cfee0be5-9d1e-4a09-8539-18feee94be77","The University of Sydney"
"04754eaa-419c-44ed-a117-3643bfea40f4","Pontificia Universidad Javeriana Cali"
"d65fe5ff-1be5-4581-9042-204da960592f","Queen's University Belfast"
"8d2a52d6-3015-4b19-a3ef-e4eafa08b927","Al Ain University"
"7d2eefc3-daf6-4d26-8f6d-9e024d622f77","University of Cape Town"
"ceb1b2e0-1991-4d19-b113-36280ca33d2c","FORTH-ICS"
"7151012e-b6f0-401a-85e9-0e44fe8bcc14","CERN"
"44b789a9-d347-41b4-a795-c43d00d0d79e","KU Leuven"
"93800c33-dd0b-49c2-b6de-993426c04d3f","Malaviya National Institute of Technology Jaipur"
"0201081d-6a31-4d6b-8986-f653b13c5d13","University of Granada"
"c7d3d718-c795-4e42-b868-3e0d8db4e0ce","RIKEN"
"074ae519-58e0-49a5-9361-5fbd7ca687b8","University of Bologna"
"91d10d0a-8377-4e5f-98b1-615612366b89","Amazon Web Services"
"dbfa7448-fe1e-4791-b280-98f2c5bbc668","Physical Medicine and Rehabilitation Research Center, Aging Research Institute, Tabriz University of Medical Sciences, Tabriz, Iran."
"8305ccb1-31f2-4409-bf23-d0be4010f3be","The Hong Kong Polytechnic University"
"d19e252a-5a7a-4879-a3e8-8966a8e9460f","Department of Pharmacy, Al-Mustafa University College"
"95975051-96dc-4e09-b094-d3e8ff9a4c0c","University of Toronto"
"f2d3dc75-b56b-4d0c-b895-a26fb8a96944","Sandia National Laboratories"
"b4190cb2-b15b-4b0a-beb2-e26742441ae7","Chitkara College of Pharmacy, Chitkara University, Punjab"
"ea324dba-b7a5-4a36-bfcb-f1f6073680f4","AI Lab of Lenovo Research"
"84e9a174-27b9-4056-9de9-8e62a885ce89","Xi'an Jiaotong-Liverpool University"
"c64fb0a3-e8bb-4674-94f9-05a769180f4c","atlanTTic Research Center"
"7c316586-3752-47b3-919b-6b5a14bfce6e","University of Basilicata"
"7326e875-12bd-488d-a59c-699101194557","Department of Computer Science and Engineering, HITEC University, Taxila, Pakistan"
"233fefff-c503-4c54-8f3a-0f792122d585","Division of Genetics and Genomic Medicine, Department of Pediatrics, University of California, Irvine, California."
"725caf31-d63d-45de-be98-db27dd2b1c62","Kennesaw State University"
"eb946e05-bf86-4f4f-bfdf-0a6785bd8412","University of Baghdad"
"a6c351f1-2345-480f-8e54-196b0aac0156","iFlytek Research"
"f1eb9e2b-ae89-451e-930f-07715c372648","University of Aveiro"
"7224315b-376b-4d69-9e89-bc6099bb3d01","King Mongkut's University of Technology Thonburi"
"b7fd6050-7ef1-44a8-8d25-643ff370de9f","Hong Kong Polytechnic University"
"3aa4df7d-0d0d-432e-9f63-b7665f973155","Dr. D.Y. Patil Medical College, Hospital and Research Centre, Dr. D.Y. Patil Vidyapeeth, Pimpri, Pune, India"
"fd2185ab-ce5a-4214-82d8-71693d34b067","Zhejiang Lab."
"977a496b-7f32-4c22-a284-491bdca703f7","Armauer Hansen Research Institute (AHRI)"
"7e2f67ba-0ce8-494e-9881-39ba990a5c2d","University of Edinburgh"
"b709b084-e3ed-459c-a05b-4cbdd980af67","Democritus University of Thrace (DUTh), department of Electrical and Computer Engineering"
"e5eee921-e805-4285-9005-ce316005190e","Technion"
"8bf08a89-a297-47d6-ba5c-10f42b837bd1","Otago Polytechnic - Auckland Campus"
"b3309b4f-fc4b-4e94-8c44-f0f157c66457","Lab. Crop Evolution, Graduate School of Agriculture, Kyoto University, Japan"
"5baef7c7-6613-4dee-8235-ebd88724e697","Shahid Beheshti University"
"8590eb27-98b8-4614-a990-d6ffee3ef05e","Wuhan university"
"18977dc0-a218-4c76-8559-4267c85d828d","Kwame Nkrumah University of Science and Technology"
"87cb86bf-6dc1-4421-9c9e-882e5d048d16","Singapore University of Technology and Design"
"da5b2df7-648b-4b00-b508-bce10527d758","The Neotia University"
"4e9339c7-4e1a-4192-b714-1a7271d237e8","Universiti Tun Hussein Onn Malaysia"
"cb1b3785-e2aa-4590-b9cb-32bc3a58cc0c","University of Washington"
"fbfb2469-d823-4fd2-8ed0-e45d4c1f3472","CASPAL Ryerson University"
"4162e576-234d-4a64-849e-983b895d6064","Clinical Research Unit, Khoo Teck Puat Hospital (KTPH), Singapore."
"d2b7f774-5113-46a1-8acc-89a2696214dd","Dr. Vishwanath Karad MIT World Peace University"
"56404466-d468-4ce4-85f3-6fddb0ba5140","University of Belgrade, Faculty of Economics, Belgrade, Serbia"
"0d4ae1d5-4eab-415e-8d1f-020602885e99","Alzahra University"
"bf58a4c8-86d2-4475-8ff6-09e1f9d9e58b","School of Electrical Engineering and Informatics, Institut Teknologi Bandung, Bandung, Indonesia"
"381d5678-ae68-4b3f-a2a1-6c3258339f9c","Concordia University, CIISE"
"bce4ac3d-a0d9-4f7f-a983-65d7593fbd92","IAUCTB-Bijective Physics Institute, Idrija, Slovenia"
"95f8d45a-c908-464a-919b-5cbbf8fea871","Technical University of Košice, Slovakia"
"b5af6c89-922a-458e-b19e-a408e9c00ee1","CNRS, Gipsa-lab"
"5947e468-b1aa-435a-ba33-668a7f65d6ba","University College Dublin, University of Ruhuna"
"c1dc9f6b-2ba5-47ba-aee5-98fd97ed2df0","Politeknik Negeri Medan"
"9d3082dc-3ee2-40c8-9118-1682001fb008","Vrije Universiteit Amsterdam"
"0c5854c8-2968-4930-8d6a-21a6b7c03572","Department of Pharmacal Sciences, School of Pharmacy, Auburn University, Auburn, AL 36849, USA."
"668cf978-9ca8-4683-9275-a3bd298a979c","National Institute of Technology Raipur"
"5c7331bc-c876-4b21-a94e-2ebbfcd1fa91","ucy.ac.cy"
"4a56af88-906d-4fca-8d86-e98f786d136e","School of Software Engineering, East China Normal University, Shanghai, China"
"adedadc7-88b1-4e7a-b69e-2e09478d8eb5","Australian AI Institute, FEIT, UTS"
"3a08483f-f1bf-4e97-9bfa-b0155673184a","Department of Communication Technology and Networks, Universiti Putra Malaysia"
"46ea4ce7-0e3c-4927-b873-4df0b56e2636","Siksha 'O' Anusandhan Deemed to be University"
"15307586-b9d4-456a-8912-cd2a13258615","University of Oxford"
"f5e98124-a178-471c-983c-df3786fb1db7","University of Seville"
"47e58eed-894b-409a-a256-d5bf1644878f","Indian Institute of Technology Kharagpur"
"e2b29930-4ab9-4571-a272-17e93d436379","Temple University"
"fbb41553-aedf-4882-9201-facb0720aac6","Georgia State University"
"8e751dad-f251-4dd8-936e-b2626cefde15","VA Boston Healthcare System"
"d0b3cc27-1b5f-4f80-a7bb-413ff4bdfb5c","National University of Singapore"
"acfb5b65-7f25-4637-a4a2-8e6793438bc6","Iran University of Science and Technology"
"ac75d31c-3e89-4187-a91d-2e9e11a42c6f","Escuela Superior Politecnica del Litoral, ESPOL"
"100ad99a-81c5-49ca-a54a-f38a3c2fbe35","Stanford Unversity"
"863190ae-122b-423c-ab76-fa2b978c2f8c","Yale University"
"2b7597a5-155a-45c1-8101-c260bcc1bc18","School of Electrical Engineering and Computer Science, University of Ottawa"
"7273e828-6e2b-4a4a-86b7-7c924d03da14","Fraunhofer FIT"
"097a6459-3898-479a-99b6-4544bfd77a88","king khalid"
"3e7733e1-503d-4d21-a378-bf1f8d9bce93","1. ​Social Determinants of Health Research Center, Shahid Beheshti University of Medical Sciences, Tehran, Iran. 2. ​Department of Community Medicine, Faculty of Medicine, Shahid Beheshti University of Medical Sciences, Tehran, Iran."
"a64aa427-20f4-48a5-8d72-0fab325ee25f","University of Toronto, Canada"
"dfaf22a4-7b85-4bd0-8836-b9f475c56970","University of Kent"
"1a7ffee2-2f74-4b87-8ffd-fd446bc63092","Namibia University of Science and Technology"
"14252e3b-1e85-4cce-8e0b-0f096f0df579","Departmental of ECE, IIIT, Guwahati, India"
"643e4133-dcf5-4397-87e3-b5db7ea2b0b4","UCSF"
"dc0e00ca-2b06-44d7-8dc1-a392657a8eb1","MICROSOFT CORPORATION"
"bc5bedf5-4022-4807-a669-cd1456e6af74","Merck AB"
"40c65973-c147-42f4-95a1-e5490196b76d","University of South Australia"
"ee0887fd-095f-495f-8c7a-cfa9dc626ef5","Taylor's University Malaysia"
"28d506e3-caf4-41e5-ac71-8d8e1288f4f1","Birzeit University"
"edf0845f-4efb-41ff-b896-492b17c186d3","INMA, ICTEAM, UCLouvain"
"30614236-096c-4b23-b9a1-fad6b0c922e8","Bangladesh University of Engineering and Technology"
"75715d1b-83b6-4e02-82b4-26dbc058669f","University of Maryland, College Park, USA"
"fe798839-c6e3-45d5-a116-d6cf1ccc4343","Harvard University"
"5768110f-41d4-407e-982e-ee43ddf39e21","University of Zenica"
"dba812d5-3e43-46fc-895a-728c9431c365","University of Basel, Department of Biomedicine"
"736a3046-8fc8-4894-9c80-b44b5f0bab6d","(S.H.)"
"27d42044-e5c6-465d-a450-68cec5237f78","Lithuanian University of Health Sciences"
"ec319f17-c766-44e8-b6b6-bcd0de9d4891","Pengcheng Laboratory"
"21891875-1deb-4a90-8555-90e45b632679","Information Systems Department, University of Minho, Portugal"
"89b536ff-c394-4700-8791-510c0d59cd38","Research Guide - JJTU"
"981ceafc-fbdc-47ef-8765-09a3729bc532","National Library of Medicine"
"3960ad54-79ac-440d-abb9-5cb8fa8bae78","Beijing Institute of Techonology"
"20ef6efd-fa22-4ca6-9a64-96a23888e21c","Chimie ParisTech, Laboratoire Charles Friedel, 11, rue Pierre et Marie Curie, F75231 Paris cedex, France."
"6b91b569-ff00-4ad2-8573-92cb08451166","Département de chimie, Institut de pharmacologie, Université de Sherbrooke, 3001 12e Avenue Nord, Sherbrooke, Québec J1H 5N4, Canada."
"65cc086c-e803-4528-884c-99c21a19de1b","Australian National University"
"9718d1af-6044-47c8-8f1d-6b0af7917137","Adobe Research"
"78215890-c515-429e-aa3e-806be26d4e5e","Tianjin University"
"40381028-fe02-4f28-aa12-81f5c46b8722","Institute of Neuropathology, Faculty of Medicine, University of Freiburg, Freiburg, Germany"
"cb4bda3d-2430-48d4-bee5-da55bbddac93","Prince of Songkla University"
"0133d77b-60f6-4d74-9da8-421a7143c7a6","Institute for Agricultural, Fisheries and Food Research (ILVO)"
"90be3d04-4065-4104-9ae2-f0ced9198e41","University of North Carolina at Charlotte"
"47f9cc8d-278d-46b3-8fc9-3b9d28e1a84f","Institute of High Performance Computing and Networking of National Research Council of Italy (ICAR-CNR)"
"6b2002d5-54a3-4955-8081-cff3da3a25f8","Université Claude Bernard Lyon 1"
"1cad2d48-91b8-4f0c-ba1f-85add47eb28a","University of Amsterdam"
"ecf6b6ea-31f9-41ff-bbff-11bacef60c54","New York Genome Center"
"acc79e8d-307e-4616-a194-bdee050cf809","TOBB University of Economics and Technology"
"c4b6ec96-3450-4b34-878b-83be02caf2f1","McGill Univeristy"
"94bd0734-f7a4-4b9a-ac82-00e5ab61a624","India"
"dba5fe08-82e8-42db-ae9b-ce1af04735d0","HiTZ Center"
"1ff3bc7a-e81b-4040-9567-67ff6c73efe9","Czech Technical University"
"62b873ae-9550-491c-84e9-bf649ad0087c","Mount Sinai Center for Bioinformatics"
"4f22e34c-61bd-41bf-8dde-54c2e5070c15","Icahn School of Medicine at Mount Sinai"
"f80bdda9-22eb-4dd3-b46f-c1f0f451b6ac","Mila"
"17093c8f-e77a-48c0-957f-f688f7182c8b","UT Austin"
"a5fd202e-03d2-4fec-9ab2-8f1a97ca303c","Mahachulalongkornrajavidyalaya University"
"95b8020f-392a-4505-bc56-56b637735608","Innovation Center for Artificial Intelligence"
"96b1cd4a-4e45-41bd-bce3-76d76d1be2b6","Dean of Faculty of Electronic Engineering, Menoufia University"
"c8b92175-7078-489c-8ecb-5a75d02faad1","University College of Engineering Villupuram"
"63ca5a2b-f79b-4249-8a23-3f195e628628","Naval Academy Research Institute and Arts & Métiers Institute of Technology"
"2dbfe82a-fea5-4207-852c-88967b3376af","HKUST"
"2c33aeb0-0b6e-439e-80a6-7af52d914d27","King's College London"
"b5513920-be6e-4265-8d4c-8926ef8f1369","University of California San Diego, Microsoft"
"35482eee-6411-4188-9f66-0395cc7f355c","Muslim Arts College , Thiruvithancode,Kanyakuamari-629174"
"b50370fa-cbdb-4241-b349-903a83498ab5","Centre for Argument Technology, University of Dundee"
"a346330c-693b-44c1-8467-7bcc78ab5581","School of Electronic Engineering and Computer Science, Queen Mary University of London, UK"
"1e44874f-2316-4fcb-889b-9d497ef08a5d","Nantes Université"
"2e17e1c2-7f27-408a-995e-2598900637ad","Birkbeck Knowledge Lab"
"5b017e96-f0cd-4d2a-9d48-a5101bb96c21","University of Technology- Iraq"
"3fb63d54-c7a9-465c-8801-5ba03849e7f2","University of Wisconsin-Madison"
"6d6db21e-26b4-49df-9e87-7289fe3eaf8c","Manipal University Jaipur"
"876261f4-49dc-4765-bdc9-12be745b1be7","Department of Computer Science and Applications Amrita Vishwa Vidyapeetham,Amritapuri,India"
